date,url
01032012,/article/bharti-airtel-results/bharti-airtel-second-quarter-revenue-jumps-22-on-higher-tariffs-4g-additions-idUSKBN27C1FZ
01032012,/article/bharti-airtel-results/bharti-airtel-q2-revenue-rises-22-on-higher-tariffs-data-usage-idUSL4N2HI2DR
01032012,/article/bharti-airtel-ma-telkom-kenya/update-1-telkom-kenya-pulls-the-plug-on-merger-with-bharti-airtel-idUSL8N2F74PK
01032012,/article/us-bharti-airtel-amazon-com/indias-bharti-airtel-partners-with-amazon-to-grow-cloud-business-idUSKCN2511NJ
01032012,/article/kenya-telecoms/telkom-kenya-says-no-longer-pursuing-joint-venture-with-airtel-kenya-statement-idUSL8N2F74M3
01032012,/article/bharti-airtel-results/update-1-bharti-airtel-quarterly-revenue-rises-15-on-higher-data-usage-tariffs-idUSL3N2F03XW
01032012,/article/bharti-airtel-results/bharti-airtel-quarterly-revenue-rises-15-on-higher-data-usage-tariffs-idUSL3N2F03XH
01032012,/article/us-bharti-airtel-india-verizon/indias-bharti-airtel-verizon-tie-up-on-video-conferencing-tool-idUSKCN24F1DH
01032012,/article/us-bharti-airtel-stake-carlyle-group/carlyle-to-buy-25-of-bharti-airtels-data-center-arm-for-235-million-idUSKBN24248T
01032012,/article/us-amazon-india-bharti-exclusive/exclusive-amazon-in-talks-to-buy-2-billion-stake-in-indian-telco-bharti-airtel-sources-idUSKBN23B1F8
01032012,/article/singtel-results/update-2-singtels-annual-profit-plunges-to-decades-low-on-bharti-airtel-charges-idUSL4N2DA0M2
01032012,/article/us-singtel-results/singtels-annual-profit-plunges-65-on-bharti-airtel-snag-idUSKBN23402S
01032012,/article/india-stocks-close/indian-shares-end-lower-as-airtel-it-stocks-drag-idUSL4N2D82EK
01032012,/article/us-bharti-airtel-results/indias-bharti-airtel-reports-fourth-quarter-loss-of-52-37-billion-rupees-idUSKBN22U2KU
01032012,/article/bharti-airtel-results/indias-bharti-airtel-reports-q4-loss-of-52-37-bln-rupees-idUSL4N2D03D2
01032012,/article/airtel-africa-results/update-1-airtel-africa-sales-rise-as-more-customers-sign-up-for-phone-services-idUSL4N2CV1Q6
01032012,/article/airtel-africa-results/airtel-africa-annual-revenue-rises-as-more-customers-sign-up-for-phone-services-idUSL4N2CV1PI
01032012,/article/brief-airtel-africa-recommended-final-di/brief-airtel-africa-recommended-final-dividend-of-3-cents-per-share-idUSFWN2CU1CZ
01032012,/article/us-nokia-india/nokia-wins-network-equipment-order-from-indias-bharti-airtel-idUSKCN22A0HN
01032012,/article/nokia-india/update-1-nokia-wins-network-equipment-order-from-indias-bharti-airtel-idUSL5N2CG0TU
01052012,/article/bharti-airtel-results/bharti-airtel-second-quarter-revenue-jumps-22-on-higher-tariffs-4g-additions-idUSKBN27C1FZ
01052012,/article/bharti-airtel-results/bharti-airtel-q2-revenue-rises-22-on-higher-tariffs-data-usage-idUSL4N2HI2DR
01052012,/article/bharti-airtel-ma-telkom-kenya/update-1-telkom-kenya-pulls-the-plug-on-merger-with-bharti-airtel-idUSL8N2F74PK
01052012,/article/us-bharti-airtel-amazon-com/indias-bharti-airtel-partners-with-amazon-to-grow-cloud-business-idUSKCN2511NJ
01052012,/article/kenya-telecoms/telkom-kenya-says-no-longer-pursuing-joint-venture-with-airtel-kenya-statement-idUSL8N2F74M3
01052012,/article/bharti-airtel-results/update-1-bharti-airtel-quarterly-revenue-rises-15-on-higher-data-usage-tariffs-idUSL3N2F03XW
01052012,/article/bharti-airtel-results/bharti-airtel-quarterly-revenue-rises-15-on-higher-data-usage-tariffs-idUSL3N2F03XH
01052012,/article/us-bharti-airtel-india-verizon/indias-bharti-airtel-verizon-tie-up-on-video-conferencing-tool-idUSKCN24F1DH
01052012,/article/us-bharti-airtel-stake-carlyle-group/carlyle-to-buy-25-of-bharti-airtels-data-center-arm-for-235-million-idUSKBN24248T
01052012,/article/us-amazon-india-bharti-exclusive/exclusive-amazon-in-talks-to-buy-2-billion-stake-in-indian-telco-bharti-airtel-sources-idUSKBN23B1F8
01052012,/article/singtel-results/update-2-singtels-annual-profit-plunges-to-decades-low-on-bharti-airtel-charges-idUSL4N2DA0M2
01052012,/article/us-singtel-results/singtels-annual-profit-plunges-65-on-bharti-airtel-snag-idUSKBN23402S
01052012,/article/india-stocks-close/indian-shares-end-lower-as-airtel-it-stocks-drag-idUSL4N2D82EK
01052012,/article/us-bharti-airtel-results/indias-bharti-airtel-reports-fourth-quarter-loss-of-52-37-billion-rupees-idUSKBN22U2KU
01052012,/article/bharti-airtel-results/indias-bharti-airtel-reports-q4-loss-of-52-37-bln-rupees-idUSL4N2D03D2
01052012,/article/airtel-africa-results/update-1-airtel-africa-sales-rise-as-more-customers-sign-up-for-phone-services-idUSL4N2CV1Q6
01052012,/article/airtel-africa-results/airtel-africa-annual-revenue-rises-as-more-customers-sign-up-for-phone-services-idUSL4N2CV1PI
01052012,/article/brief-airtel-africa-recommended-final-di/brief-airtel-africa-recommended-final-dividend-of-3-cents-per-share-idUSFWN2CU1CZ
01052012,/article/us-nokia-india/nokia-wins-network-equipment-order-from-indias-bharti-airtel-idUSKCN22A0HN
01052012,/article/nokia-india/update-1-nokia-wins-network-equipment-order-from-indias-bharti-airtel-idUSL5N2CG0TU
01082012,/article/bharti-airtel-results/bharti-airtel-second-quarter-revenue-jumps-22-on-higher-tariffs-4g-additions-idUSKBN27C1FZ
01062012,/article/bharti-airtel-results/bharti-airtel-second-quarter-revenue-jumps-22-on-higher-tariffs-4g-additions-idUSKBN27C1FZ
01062012,/article/bharti-airtel-results/bharti-airtel-q2-revenue-rises-22-on-higher-tariffs-data-usage-idUSL4N2HI2DR
01062012,/article/bharti-airtel-ma-telkom-kenya/update-1-telkom-kenya-pulls-the-plug-on-merger-with-bharti-airtel-idUSL8N2F74PK
01062012,/article/us-bharti-airtel-amazon-com/indias-bharti-airtel-partners-with-amazon-to-grow-cloud-business-idUSKCN2511NJ
01062012,/article/kenya-telecoms/telkom-kenya-says-no-longer-pursuing-joint-venture-with-airtel-kenya-statement-idUSL8N2F74M3
01062012,/article/bharti-airtel-results/update-1-bharti-airtel-quarterly-revenue-rises-15-on-higher-data-usage-tariffs-idUSL3N2F03XW
01062012,/article/bharti-airtel-results/bharti-airtel-quarterly-revenue-rises-15-on-higher-data-usage-tariffs-idUSL3N2F03XH
01062012,/article/us-bharti-airtel-india-verizon/indias-bharti-airtel-verizon-tie-up-on-video-conferencing-tool-idUSKCN24F1DH
01082012,/article/bharti-airtel-results/bharti-airtel-q2-revenue-rises-22-on-higher-tariffs-data-usage-idUSL4N2HI2DR
01082012,/article/bharti-airtel-ma-telkom-kenya/update-1-telkom-kenya-pulls-the-plug-on-merger-with-bharti-airtel-idUSL8N2F74PK
01082012,/article/us-bharti-airtel-amazon-com/indias-bharti-airtel-partners-with-amazon-to-grow-cloud-business-idUSKCN2511NJ
01082012,/article/kenya-telecoms/telkom-kenya-says-no-longer-pursuing-joint-venture-with-airtel-kenya-statement-idUSL8N2F74M3
01082012,/article/bharti-airtel-results/update-1-bharti-airtel-quarterly-revenue-rises-15-on-higher-data-usage-tariffs-idUSL3N2F03XW
01082012,/article/bharti-airtel-results/bharti-airtel-quarterly-revenue-rises-15-on-higher-data-usage-tariffs-idUSL3N2F03XH
01082012,/article/us-bharti-airtel-india-verizon/indias-bharti-airtel-verizon-tie-up-on-video-conferencing-tool-idUSKCN24F1DH
01082012,/article/us-bharti-airtel-stake-carlyle-group/carlyle-to-buy-25-of-bharti-airtels-data-center-arm-for-235-million-idUSKBN24248T
01082012,/article/us-amazon-india-bharti-exclusive/exclusive-amazon-in-talks-to-buy-2-billion-stake-in-indian-telco-bharti-airtel-sources-idUSKBN23B1F8
01082012,/article/singtel-results/update-2-singtels-annual-profit-plunges-to-decades-low-on-bharti-airtel-charges-idUSL4N2DA0M2
01082012,/article/us-singtel-results/singtels-annual-profit-plunges-65-on-bharti-airtel-snag-idUSKBN23402S
01082012,/article/india-stocks-close/indian-shares-end-lower-as-airtel-it-stocks-drag-idUSL4N2D82EK
01082012,/article/us-bharti-airtel-results/indias-bharti-airtel-reports-fourth-quarter-loss-of-52-37-billion-rupees-idUSKBN22U2KU
01082012,/article/bharti-airtel-results/indias-bharti-airtel-reports-q4-loss-of-52-37-bln-rupees-idUSL4N2D03D2
01082012,/article/airtel-africa-results/update-1-airtel-africa-sales-rise-as-more-customers-sign-up-for-phone-services-idUSL4N2CV1Q6
01082012,/article/airtel-africa-results/airtel-africa-annual-revenue-rises-as-more-customers-sign-up-for-phone-services-idUSL4N2CV1PI
01082012,/article/brief-airtel-africa-recommended-final-di/brief-airtel-africa-recommended-final-dividend-of-3-cents-per-share-idUSFWN2CU1CZ
01082012,/article/us-nokia-india/nokia-wins-network-equipment-order-from-indias-bharti-airtel-idUSKCN22A0HN
01082012,/article/nokia-india/update-1-nokia-wins-network-equipment-order-from-indias-bharti-airtel-idUSL5N2CG0TU
01062012,/article/us-bharti-airtel-stake-carlyle-group/carlyle-to-buy-25-of-bharti-airtels-data-center-arm-for-235-million-idUSKBN24248T
01062012,/article/us-amazon-india-bharti-exclusive/exclusive-amazon-in-talks-to-buy-2-billion-stake-in-indian-telco-bharti-airtel-sources-idUSKBN23B1F8
01062012,/article/singtel-results/update-2-singtels-annual-profit-plunges-to-decades-low-on-bharti-airtel-charges-idUSL4N2DA0M2
01062012,/article/us-singtel-results/singtels-annual-profit-plunges-65-on-bharti-airtel-snag-idUSKBN23402S
01062012,/article/india-stocks-close/indian-shares-end-lower-as-airtel-it-stocks-drag-idUSL4N2D82EK
01062012,/article/us-bharti-airtel-results/indias-bharti-airtel-reports-fourth-quarter-loss-of-52-37-billion-rupees-idUSKBN22U2KU
01062012,/article/bharti-airtel-results/indias-bharti-airtel-reports-q4-loss-of-52-37-bln-rupees-idUSL4N2D03D2
01062012,/article/airtel-africa-results/update-1-airtel-africa-sales-rise-as-more-customers-sign-up-for-phone-services-idUSL4N2CV1Q6
01062012,/article/airtel-africa-results/airtel-africa-annual-revenue-rises-as-more-customers-sign-up-for-phone-services-idUSL4N2CV1PI
01062012,/article/brief-airtel-africa-recommended-final-di/brief-airtel-africa-recommended-final-dividend-of-3-cents-per-share-idUSFWN2CU1CZ
01062012,/article/us-nokia-india/nokia-wins-network-equipment-order-from-indias-bharti-airtel-idUSKCN22A0HN
01062012,/article/nokia-india/update-1-nokia-wins-network-equipment-order-from-indias-bharti-airtel-idUSL5N2CG0TU
01042012,/article/bharti-airtel-results/bharti-airtel-second-quarter-revenue-jumps-22-on-higher-tariffs-4g-additions-idUSKBN27C1FZ
01042012,/article/bharti-airtel-results/bharti-airtel-q2-revenue-rises-22-on-higher-tariffs-data-usage-idUSL4N2HI2DR
01042012,/article/bharti-airtel-ma-telkom-kenya/update-1-telkom-kenya-pulls-the-plug-on-merger-with-bharti-airtel-idUSL8N2F74PK
01022012,/article/bharti-airtel-results/bharti-airtel-second-quarter-revenue-jumps-22-on-higher-tariffs-4g-additions-idUSKBN27C1FZ
01042012,/article/us-bharti-airtel-amazon-com/indias-bharti-airtel-partners-with-amazon-to-grow-cloud-business-idUSKCN2511NJ
01042012,/article/kenya-telecoms/telkom-kenya-says-no-longer-pursuing-joint-venture-with-airtel-kenya-statement-idUSL8N2F74M3
01042012,/article/bharti-airtel-results/update-1-bharti-airtel-quarterly-revenue-rises-15-on-higher-data-usage-tariffs-idUSL3N2F03XW
01042012,/article/bharti-airtel-results/bharti-airtel-quarterly-revenue-rises-15-on-higher-data-usage-tariffs-idUSL3N2F03XH
01042012,/article/us-bharti-airtel-india-verizon/indias-bharti-airtel-verizon-tie-up-on-video-conferencing-tool-idUSKCN24F1DH
01042012,/article/us-bharti-airtel-stake-carlyle-group/carlyle-to-buy-25-of-bharti-airtels-data-center-arm-for-235-million-idUSKBN24248T
01042012,/article/us-amazon-india-bharti-exclusive/exclusive-amazon-in-talks-to-buy-2-billion-stake-in-indian-telco-bharti-airtel-sources-idUSKBN23B1F8
01042012,/article/singtel-results/update-2-singtels-annual-profit-plunges-to-decades-low-on-bharti-airtel-charges-idUSL4N2DA0M2
01042012,/article/us-singtel-results/singtels-annual-profit-plunges-65-on-bharti-airtel-snag-idUSKBN23402S
01042012,/article/india-stocks-close/indian-shares-end-lower-as-airtel-it-stocks-drag-idUSL4N2D82EK
01042012,/article/us-bharti-airtel-results/indias-bharti-airtel-reports-fourth-quarter-loss-of-52-37-billion-rupees-idUSKBN22U2KU
01042012,/article/bharti-airtel-results/indias-bharti-airtel-reports-q4-loss-of-52-37-bln-rupees-idUSL4N2D03D2
01042012,/article/airtel-africa-results/update-1-airtel-africa-sales-rise-as-more-customers-sign-up-for-phone-services-idUSL4N2CV1Q6
01042012,/article/airtel-africa-results/airtel-africa-annual-revenue-rises-as-more-customers-sign-up-for-phone-services-idUSL4N2CV1PI
01042012,/article/brief-airtel-africa-recommended-final-di/brief-airtel-africa-recommended-final-dividend-of-3-cents-per-share-idUSFWN2CU1CZ
01042012,/article/us-nokia-india/nokia-wins-network-equipment-order-from-indias-bharti-airtel-idUSKCN22A0HN
01042012,/article/nokia-india/update-1-nokia-wins-network-equipment-order-from-indias-bharti-airtel-idUSL5N2CG0TU
01022012,/article/bharti-airtel-results/bharti-airtel-q2-revenue-rises-22-on-higher-tariffs-data-usage-idUSL4N2HI2DR
01022012,/article/bharti-airtel-ma-telkom-kenya/update-1-telkom-kenya-pulls-the-plug-on-merger-with-bharti-airtel-idUSL8N2F74PK
01022012,/article/us-bharti-airtel-amazon-com/indias-bharti-airtel-partners-with-amazon-to-grow-cloud-business-idUSKCN2511NJ
01022012,/article/kenya-telecoms/telkom-kenya-says-no-longer-pursuing-joint-venture-with-airtel-kenya-statement-idUSL8N2F74M3
01022012,/article/bharti-airtel-results/update-1-bharti-airtel-quarterly-revenue-rises-15-on-higher-data-usage-tariffs-idUSL3N2F03XW
01022012,/article/bharti-airtel-results/bharti-airtel-quarterly-revenue-rises-15-on-higher-data-usage-tariffs-idUSL3N2F03XH
01022012,/article/us-bharti-airtel-india-verizon/indias-bharti-airtel-verizon-tie-up-on-video-conferencing-tool-idUSKCN24F1DH
01022012,/article/us-bharti-airtel-stake-carlyle-group/carlyle-to-buy-25-of-bharti-airtels-data-center-arm-for-235-million-idUSKBN24248T
01022012,/article/us-amazon-india-bharti-exclusive/exclusive-amazon-in-talks-to-buy-2-billion-stake-in-indian-telco-bharti-airtel-sources-idUSKBN23B1F8
01022012,/article/singtel-results/update-2-singtels-annual-profit-plunges-to-decades-low-on-bharti-airtel-charges-idUSL4N2DA0M2
01022012,/article/us-singtel-results/singtels-annual-profit-plunges-65-on-bharti-airtel-snag-idUSKBN23402S
01022012,/article/india-stocks-close/indian-shares-end-lower-as-airtel-it-stocks-drag-idUSL4N2D82EK
01022012,/article/us-bharti-airtel-results/indias-bharti-airtel-reports-fourth-quarter-loss-of-52-37-billion-rupees-idUSKBN22U2KU
01022012,/article/bharti-airtel-results/indias-bharti-airtel-reports-q4-loss-of-52-37-bln-rupees-idUSL4N2D03D2
01022012,/article/airtel-africa-results/update-1-airtel-africa-sales-rise-as-more-customers-sign-up-for-phone-services-idUSL4N2CV1Q6
01022012,/article/airtel-africa-results/airtel-africa-annual-revenue-rises-as-more-customers-sign-up-for-phone-services-idUSL4N2CV1PI
01022012,/article/brief-airtel-africa-recommended-final-di/brief-airtel-africa-recommended-final-dividend-of-3-cents-per-share-idUSFWN2CU1CZ
01022012,/article/us-nokia-india/nokia-wins-network-equipment-order-from-indias-bharti-airtel-idUSKCN22A0HN
01022012,/article/nokia-india/update-1-nokia-wins-network-equipment-order-from-indias-bharti-airtel-idUSL5N2CG0TU
01012012,/article/bharti-airtel-results/bharti-airtel-second-quarter-revenue-jumps-22-on-higher-tariffs-4g-additions-idUSKBN27C1FZ
01012012,/article/bharti-airtel-results/bharti-airtel-q2-revenue-rises-22-on-higher-tariffs-data-usage-idUSL4N2HI2DR
01012012,/article/bharti-airtel-ma-telkom-kenya/update-1-telkom-kenya-pulls-the-plug-on-merger-with-bharti-airtel-idUSL8N2F74PK
01012012,/article/us-bharti-airtel-amazon-com/indias-bharti-airtel-partners-with-amazon-to-grow-cloud-business-idUSKCN2511NJ
01012012,/article/kenya-telecoms/telkom-kenya-says-no-longer-pursuing-joint-venture-with-airtel-kenya-statement-idUSL8N2F74M3
01012012,/article/bharti-airtel-results/update-1-bharti-airtel-quarterly-revenue-rises-15-on-higher-data-usage-tariffs-idUSL3N2F03XW
01012012,/article/bharti-airtel-results/bharti-airtel-quarterly-revenue-rises-15-on-higher-data-usage-tariffs-idUSL3N2F03XH
01012012,/article/us-bharti-airtel-india-verizon/indias-bharti-airtel-verizon-tie-up-on-video-conferencing-tool-idUSKCN24F1DH
01012012,/article/us-bharti-airtel-stake-carlyle-group/carlyle-to-buy-25-of-bharti-airtels-data-center-arm-for-235-million-idUSKBN24248T
01012012,/article/us-amazon-india-bharti-exclusive/exclusive-amazon-in-talks-to-buy-2-billion-stake-in-indian-telco-bharti-airtel-sources-idUSKBN23B1F8
01012012,/article/singtel-results/update-2-singtels-annual-profit-plunges-to-decades-low-on-bharti-airtel-charges-idUSL4N2DA0M2
01012012,/article/us-singtel-results/singtels-annual-profit-plunges-65-on-bharti-airtel-snag-idUSKBN23402S
01012012,/article/india-stocks-close/indian-shares-end-lower-as-airtel-it-stocks-drag-idUSL4N2D82EK
01012012,/article/us-bharti-airtel-results/indias-bharti-airtel-reports-fourth-quarter-loss-of-52-37-billion-rupees-idUSKBN22U2KU
01012012,/article/bharti-airtel-results/indias-bharti-airtel-reports-q4-loss-of-52-37-bln-rupees-idUSL4N2D03D2
01012012,/article/airtel-africa-results/update-1-airtel-africa-sales-rise-as-more-customers-sign-up-for-phone-services-idUSL4N2CV1Q6
01012012,/article/airtel-africa-results/airtel-africa-annual-revenue-rises-as-more-customers-sign-up-for-phone-services-idUSL4N2CV1PI
01012012,/article/brief-airtel-africa-recommended-final-di/brief-airtel-africa-recommended-final-dividend-of-3-cents-per-share-idUSFWN2CU1CZ
01012012,/article/us-nokia-india/nokia-wins-network-equipment-order-from-indias-bharti-airtel-idUSKCN22A0HN
01012012,/article/nokia-india/update-1-nokia-wins-network-equipment-order-from-indias-bharti-airtel-idUSL5N2CG0TU
01092012,/article/bharti-airtel-results/bharti-airtel-second-quarter-revenue-jumps-22-on-higher-tariffs-4g-additions-idUSKBN27C1FZ
01092012,/article/bharti-airtel-results/bharti-airtel-q2-revenue-rises-22-on-higher-tariffs-data-usage-idUSL4N2HI2DR
01092012,/article/bharti-airtel-ma-telkom-kenya/update-1-telkom-kenya-pulls-the-plug-on-merger-with-bharti-airtel-idUSL8N2F74PK
01092012,/article/us-bharti-airtel-amazon-com/indias-bharti-airtel-partners-with-amazon-to-grow-cloud-business-idUSKCN2511NJ
01092012,/article/kenya-telecoms/telkom-kenya-says-no-longer-pursuing-joint-venture-with-airtel-kenya-statement-idUSL8N2F74M3
01092012,/article/bharti-airtel-results/update-1-bharti-airtel-quarterly-revenue-rises-15-on-higher-data-usage-tariffs-idUSL3N2F03XW
01092012,/article/bharti-airtel-results/bharti-airtel-quarterly-revenue-rises-15-on-higher-data-usage-tariffs-idUSL3N2F03XH
01092012,/article/us-bharti-airtel-india-verizon/indias-bharti-airtel-verizon-tie-up-on-video-conferencing-tool-idUSKCN24F1DH
01092012,/article/us-bharti-airtel-stake-carlyle-group/carlyle-to-buy-25-of-bharti-airtels-data-center-arm-for-235-million-idUSKBN24248T
01092012,/article/us-amazon-india-bharti-exclusive/exclusive-amazon-in-talks-to-buy-2-billion-stake-in-indian-telco-bharti-airtel-sources-idUSKBN23B1F8
01092012,/article/singtel-results/update-2-singtels-annual-profit-plunges-to-decades-low-on-bharti-airtel-charges-idUSL4N2DA0M2
01092012,/article/us-singtel-results/singtels-annual-profit-plunges-65-on-bharti-airtel-snag-idUSKBN23402S
01092012,/article/india-stocks-close/indian-shares-end-lower-as-airtel-it-stocks-drag-idUSL4N2D82EK
01092012,/article/us-bharti-airtel-results/indias-bharti-airtel-reports-fourth-quarter-loss-of-52-37-billion-rupees-idUSKBN22U2KU
01092012,/article/bharti-airtel-results/indias-bharti-airtel-reports-q4-loss-of-52-37-bln-rupees-idUSL4N2D03D2
01092012,/article/airtel-africa-results/update-1-airtel-africa-sales-rise-as-more-customers-sign-up-for-phone-services-idUSL4N2CV1Q6
01092012,/article/airtel-africa-results/airtel-africa-annual-revenue-rises-as-more-customers-sign-up-for-phone-services-idUSL4N2CV1PI
01092012,/article/brief-airtel-africa-recommended-final-di/brief-airtel-africa-recommended-final-dividend-of-3-cents-per-share-idUSFWN2CU1CZ
01092012,/article/us-nokia-india/nokia-wins-network-equipment-order-from-indias-bharti-airtel-idUSKCN22A0HN
01092012,/article/nokia-india/update-1-nokia-wins-network-equipment-order-from-indias-bharti-airtel-idUSL5N2CG0TU
01162012,/article/bharti-airtel-results/bharti-airtel-second-quarter-revenue-jumps-22-on-higher-tariffs-4g-additions-idUSKBN27C1FZ
01162012,/article/bharti-airtel-results/bharti-airtel-q2-revenue-rises-22-on-higher-tariffs-data-usage-idUSL4N2HI2DR
01162012,/article/bharti-airtel-ma-telkom-kenya/update-1-telkom-kenya-pulls-the-plug-on-merger-with-bharti-airtel-idUSL8N2F74PK
01162012,/article/us-bharti-airtel-amazon-com/indias-bharti-airtel-partners-with-amazon-to-grow-cloud-business-idUSKCN2511NJ
01162012,/article/kenya-telecoms/telkom-kenya-says-no-longer-pursuing-joint-venture-with-airtel-kenya-statement-idUSL8N2F74M3
01162012,/article/bharti-airtel-results/update-1-bharti-airtel-quarterly-revenue-rises-15-on-higher-data-usage-tariffs-idUSL3N2F03XW
01162012,/article/bharti-airtel-results/bharti-airtel-quarterly-revenue-rises-15-on-higher-data-usage-tariffs-idUSL3N2F03XH
01162012,/article/us-bharti-airtel-india-verizon/indias-bharti-airtel-verizon-tie-up-on-video-conferencing-tool-idUSKCN24F1DH
01162012,/article/us-bharti-airtel-stake-carlyle-group/carlyle-to-buy-25-of-bharti-airtels-data-center-arm-for-235-million-idUSKBN24248T
01162012,/article/us-amazon-india-bharti-exclusive/exclusive-amazon-in-talks-to-buy-2-billion-stake-in-indian-telco-bharti-airtel-sources-idUSKBN23B1F8
01162012,/article/singtel-results/update-2-singtels-annual-profit-plunges-to-decades-low-on-bharti-airtel-charges-idUSL4N2DA0M2
01162012,/article/us-singtel-results/singtels-annual-profit-plunges-65-on-bharti-airtel-snag-idUSKBN23402S
01162012,/article/india-stocks-close/indian-shares-end-lower-as-airtel-it-stocks-drag-idUSL4N2D82EK
01162012,/article/us-bharti-airtel-results/indias-bharti-airtel-reports-fourth-quarter-loss-of-52-37-billion-rupees-idUSKBN22U2KU
01162012,/article/bharti-airtel-results/indias-bharti-airtel-reports-q4-loss-of-52-37-bln-rupees-idUSL4N2D03D2
01162012,/article/airtel-africa-results/update-1-airtel-africa-sales-rise-as-more-customers-sign-up-for-phone-services-idUSL4N2CV1Q6
01162012,/article/airtel-africa-results/airtel-africa-annual-revenue-rises-as-more-customers-sign-up-for-phone-services-idUSL4N2CV1PI
01162012,/article/brief-airtel-africa-recommended-final-di/brief-airtel-africa-recommended-final-dividend-of-3-cents-per-share-idUSFWN2CU1CZ
01162012,/article/us-nokia-india/nokia-wins-network-equipment-order-from-indias-bharti-airtel-idUSKCN22A0HN
01162012,/article/nokia-india/update-1-nokia-wins-network-equipment-order-from-indias-bharti-airtel-idUSL5N2CG0TU
01152012,/article/bharti-airtel-results/bharti-airtel-second-quarter-revenue-jumps-22-on-higher-tariffs-4g-additions-idUSKBN27C1FZ
01152012,/article/bharti-airtel-results/bharti-airtel-q2-revenue-rises-22-on-higher-tariffs-data-usage-idUSL4N2HI2DR
01152012,/article/bharti-airtel-ma-telkom-kenya/update-1-telkom-kenya-pulls-the-plug-on-merger-with-bharti-airtel-idUSL8N2F74PK
01152012,/article/us-bharti-airtel-amazon-com/indias-bharti-airtel-partners-with-amazon-to-grow-cloud-business-idUSKCN2511NJ
01152012,/article/kenya-telecoms/telkom-kenya-says-no-longer-pursuing-joint-venture-with-airtel-kenya-statement-idUSL8N2F74M3
01152012,/article/bharti-airtel-results/update-1-bharti-airtel-quarterly-revenue-rises-15-on-higher-data-usage-tariffs-idUSL3N2F03XW
01152012,/article/bharti-airtel-results/bharti-airtel-quarterly-revenue-rises-15-on-higher-data-usage-tariffs-idUSL3N2F03XH
01152012,/article/us-bharti-airtel-india-verizon/indias-bharti-airtel-verizon-tie-up-on-video-conferencing-tool-idUSKCN24F1DH
01152012,/article/us-bharti-airtel-stake-carlyle-group/carlyle-to-buy-25-of-bharti-airtels-data-center-arm-for-235-million-idUSKBN24248T
01152012,/article/us-amazon-india-bharti-exclusive/exclusive-amazon-in-talks-to-buy-2-billion-stake-in-indian-telco-bharti-airtel-sources-idUSKBN23B1F8
01152012,/article/singtel-results/update-2-singtels-annual-profit-plunges-to-decades-low-on-bharti-airtel-charges-idUSL4N2DA0M2
01152012,/article/us-singtel-results/singtels-annual-profit-plunges-65-on-bharti-airtel-snag-idUSKBN23402S
01152012,/article/india-stocks-close/indian-shares-end-lower-as-airtel-it-stocks-drag-idUSL4N2D82EK
01152012,/article/us-bharti-airtel-results/indias-bharti-airtel-reports-fourth-quarter-loss-of-52-37-billion-rupees-idUSKBN22U2KU
01152012,/article/bharti-airtel-results/indias-bharti-airtel-reports-q4-loss-of-52-37-bln-rupees-idUSL4N2D03D2
01152012,/article/airtel-africa-results/update-1-airtel-africa-sales-rise-as-more-customers-sign-up-for-phone-services-idUSL4N2CV1Q6
01152012,/article/airtel-africa-results/airtel-africa-annual-revenue-rises-as-more-customers-sign-up-for-phone-services-idUSL4N2CV1PI
01152012,/article/brief-airtel-africa-recommended-final-di/brief-airtel-africa-recommended-final-dividend-of-3-cents-per-share-idUSFWN2CU1CZ
01152012,/article/us-nokia-india/nokia-wins-network-equipment-order-from-indias-bharti-airtel-idUSKCN22A0HN
01152012,/article/nokia-india/update-1-nokia-wins-network-equipment-order-from-indias-bharti-airtel-idUSL5N2CG0TU
01122012,/article/bharti-airtel-results/bharti-airtel-second-quarter-revenue-jumps-22-on-higher-tariffs-4g-additions-idUSKBN27C1FZ
01122012,/article/bharti-airtel-results/bharti-airtel-q2-revenue-rises-22-on-higher-tariffs-data-usage-idUSL4N2HI2DR
01122012,/article/bharti-airtel-ma-telkom-kenya/update-1-telkom-kenya-pulls-the-plug-on-merger-with-bharti-airtel-idUSL8N2F74PK
01122012,/article/us-bharti-airtel-amazon-com/indias-bharti-airtel-partners-with-amazon-to-grow-cloud-business-idUSKCN2511NJ
01122012,/article/kenya-telecoms/telkom-kenya-says-no-longer-pursuing-joint-venture-with-airtel-kenya-statement-idUSL8N2F74M3
01122012,/article/bharti-airtel-results/update-1-bharti-airtel-quarterly-revenue-rises-15-on-higher-data-usage-tariffs-idUSL3N2F03XW
01122012,/article/bharti-airtel-results/bharti-airtel-quarterly-revenue-rises-15-on-higher-data-usage-tariffs-idUSL3N2F03XH
01122012,/article/us-bharti-airtel-india-verizon/indias-bharti-airtel-verizon-tie-up-on-video-conferencing-tool-idUSKCN24F1DH
01122012,/article/us-bharti-airtel-stake-carlyle-group/carlyle-to-buy-25-of-bharti-airtels-data-center-arm-for-235-million-idUSKBN24248T
01122012,/article/us-amazon-india-bharti-exclusive/exclusive-amazon-in-talks-to-buy-2-billion-stake-in-indian-telco-bharti-airtel-sources-idUSKBN23B1F8
01122012,/article/singtel-results/update-2-singtels-annual-profit-plunges-to-decades-low-on-bharti-airtel-charges-idUSL4N2DA0M2
01122012,/article/us-singtel-results/singtels-annual-profit-plunges-65-on-bharti-airtel-snag-idUSKBN23402S
01122012,/article/india-stocks-close/indian-shares-end-lower-as-airtel-it-stocks-drag-idUSL4N2D82EK
01122012,/article/us-bharti-airtel-results/indias-bharti-airtel-reports-fourth-quarter-loss-of-52-37-billion-rupees-idUSKBN22U2KU
01122012,/article/bharti-airtel-results/indias-bharti-airtel-reports-q4-loss-of-52-37-bln-rupees-idUSL4N2D03D2
01122012,/article/airtel-africa-results/update-1-airtel-africa-sales-rise-as-more-customers-sign-up-for-phone-services-idUSL4N2CV1Q6
01122012,/article/airtel-africa-results/airtel-africa-annual-revenue-rises-as-more-customers-sign-up-for-phone-services-idUSL4N2CV1PI
01122012,/article/brief-airtel-africa-recommended-final-di/brief-airtel-africa-recommended-final-dividend-of-3-cents-per-share-idUSFWN2CU1CZ
01122012,/article/us-nokia-india/nokia-wins-network-equipment-order-from-indias-bharti-airtel-idUSKCN22A0HN
01122012,/article/nokia-india/update-1-nokia-wins-network-equipment-order-from-indias-bharti-airtel-idUSL5N2CG0TU
01142012,/article/bharti-airtel-results/bharti-airtel-second-quarter-revenue-jumps-22-on-higher-tariffs-4g-additions-idUSKBN27C1FZ
01142012,/article/bharti-airtel-results/bharti-airtel-q2-revenue-rises-22-on-higher-tariffs-data-usage-idUSL4N2HI2DR
01142012,/article/bharti-airtel-ma-telkom-kenya/update-1-telkom-kenya-pulls-the-plug-on-merger-with-bharti-airtel-idUSL8N2F74PK
01142012,/article/us-bharti-airtel-amazon-com/indias-bharti-airtel-partners-with-amazon-to-grow-cloud-business-idUSKCN2511NJ
01142012,/article/kenya-telecoms/telkom-kenya-says-no-longer-pursuing-joint-venture-with-airtel-kenya-statement-idUSL8N2F74M3
01142012,/article/bharti-airtel-results/update-1-bharti-airtel-quarterly-revenue-rises-15-on-higher-data-usage-tariffs-idUSL3N2F03XW
01142012,/article/bharti-airtel-results/bharti-airtel-quarterly-revenue-rises-15-on-higher-data-usage-tariffs-idUSL3N2F03XH
01142012,/article/us-bharti-airtel-india-verizon/indias-bharti-airtel-verizon-tie-up-on-video-conferencing-tool-idUSKCN24F1DH
01142012,/article/us-bharti-airtel-stake-carlyle-group/carlyle-to-buy-25-of-bharti-airtels-data-center-arm-for-235-million-idUSKBN24248T
01142012,/article/us-amazon-india-bharti-exclusive/exclusive-amazon-in-talks-to-buy-2-billion-stake-in-indian-telco-bharti-airtel-sources-idUSKBN23B1F8
01142012,/article/singtel-results/update-2-singtels-annual-profit-plunges-to-decades-low-on-bharti-airtel-charges-idUSL4N2DA0M2
01142012,/article/us-singtel-results/singtels-annual-profit-plunges-65-on-bharti-airtel-snag-idUSKBN23402S
01142012,/article/india-stocks-close/indian-shares-end-lower-as-airtel-it-stocks-drag-idUSL4N2D82EK
01142012,/article/us-bharti-airtel-results/indias-bharti-airtel-reports-fourth-quarter-loss-of-52-37-billion-rupees-idUSKBN22U2KU
01142012,/article/bharti-airtel-results/indias-bharti-airtel-reports-q4-loss-of-52-37-bln-rupees-idUSL4N2D03D2
01142012,/article/airtel-africa-results/update-1-airtel-africa-sales-rise-as-more-customers-sign-up-for-phone-services-idUSL4N2CV1Q6
01142012,/article/airtel-africa-results/airtel-africa-annual-revenue-rises-as-more-customers-sign-up-for-phone-services-idUSL4N2CV1PI
01142012,/article/brief-airtel-africa-recommended-final-di/brief-airtel-africa-recommended-final-dividend-of-3-cents-per-share-idUSFWN2CU1CZ
01142012,/article/us-nokia-india/nokia-wins-network-equipment-order-from-indias-bharti-airtel-idUSKCN22A0HN
01142012,/article/nokia-india/update-1-nokia-wins-network-equipment-order-from-indias-bharti-airtel-idUSL5N2CG0TU
01112012,/article/bharti-airtel-results/bharti-airtel-second-quarter-revenue-jumps-22-on-higher-tariffs-4g-additions-idUSKBN27C1FZ
01112012,/article/bharti-airtel-results/bharti-airtel-q2-revenue-rises-22-on-higher-tariffs-data-usage-idUSL4N2HI2DR
01112012,/article/bharti-airtel-ma-telkom-kenya/update-1-telkom-kenya-pulls-the-plug-on-merger-with-bharti-airtel-idUSL8N2F74PK
01112012,/article/us-bharti-airtel-amazon-com/indias-bharti-airtel-partners-with-amazon-to-grow-cloud-business-idUSKCN2511NJ
01112012,/article/kenya-telecoms/telkom-kenya-says-no-longer-pursuing-joint-venture-with-airtel-kenya-statement-idUSL8N2F74M3
01112012,/article/bharti-airtel-results/update-1-bharti-airtel-quarterly-revenue-rises-15-on-higher-data-usage-tariffs-idUSL3N2F03XW
01112012,/article/bharti-airtel-results/bharti-airtel-quarterly-revenue-rises-15-on-higher-data-usage-tariffs-idUSL3N2F03XH
01112012,/article/us-bharti-airtel-india-verizon/indias-bharti-airtel-verizon-tie-up-on-video-conferencing-tool-idUSKCN24F1DH
01112012,/article/us-bharti-airtel-stake-carlyle-group/carlyle-to-buy-25-of-bharti-airtels-data-center-arm-for-235-million-idUSKBN24248T
01112012,/article/us-amazon-india-bharti-exclusive/exclusive-amazon-in-talks-to-buy-2-billion-stake-in-indian-telco-bharti-airtel-sources-idUSKBN23B1F8
01112012,/article/singtel-results/update-2-singtels-annual-profit-plunges-to-decades-low-on-bharti-airtel-charges-idUSL4N2DA0M2
01112012,/article/us-singtel-results/singtels-annual-profit-plunges-65-on-bharti-airtel-snag-idUSKBN23402S
01112012,/article/india-stocks-close/indian-shares-end-lower-as-airtel-it-stocks-drag-idUSL4N2D82EK
01112012,/article/us-bharti-airtel-results/indias-bharti-airtel-reports-fourth-quarter-loss-of-52-37-billion-rupees-idUSKBN22U2KU
01112012,/article/bharti-airtel-results/indias-bharti-airtel-reports-q4-loss-of-52-37-bln-rupees-idUSL4N2D03D2
01112012,/article/airtel-africa-results/update-1-airtel-africa-sales-rise-as-more-customers-sign-up-for-phone-services-idUSL4N2CV1Q6
01112012,/article/airtel-africa-results/airtel-africa-annual-revenue-rises-as-more-customers-sign-up-for-phone-services-idUSL4N2CV1PI
01112012,/article/brief-airtel-africa-recommended-final-di/brief-airtel-africa-recommended-final-dividend-of-3-cents-per-share-idUSFWN2CU1CZ
01112012,/article/us-nokia-india/nokia-wins-network-equipment-order-from-indias-bharti-airtel-idUSKCN22A0HN
01112012,/article/nokia-india/update-1-nokia-wins-network-equipment-order-from-indias-bharti-airtel-idUSL5N2CG0TU
01102012,/article/bharti-airtel-results/bharti-airtel-second-quarter-revenue-jumps-22-on-higher-tariffs-4g-additions-idUSKBN27C1FZ
01102012,/article/bharti-airtel-results/bharti-airtel-q2-revenue-rises-22-on-higher-tariffs-data-usage-idUSL4N2HI2DR
01102012,/article/bharti-airtel-ma-telkom-kenya/update-1-telkom-kenya-pulls-the-plug-on-merger-with-bharti-airtel-idUSL8N2F74PK
01102012,/article/us-bharti-airtel-amazon-com/indias-bharti-airtel-partners-with-amazon-to-grow-cloud-business-idUSKCN2511NJ
01102012,/article/kenya-telecoms/telkom-kenya-says-no-longer-pursuing-joint-venture-with-airtel-kenya-statement-idUSL8N2F74M3
01102012,/article/bharti-airtel-results/update-1-bharti-airtel-quarterly-revenue-rises-15-on-higher-data-usage-tariffs-idUSL3N2F03XW
01102012,/article/bharti-airtel-results/bharti-airtel-quarterly-revenue-rises-15-on-higher-data-usage-tariffs-idUSL3N2F03XH
01102012,/article/us-bharti-airtel-india-verizon/indias-bharti-airtel-verizon-tie-up-on-video-conferencing-tool-idUSKCN24F1DH
01102012,/article/us-bharti-airtel-stake-carlyle-group/carlyle-to-buy-25-of-bharti-airtels-data-center-arm-for-235-million-idUSKBN24248T
01102012,/article/us-amazon-india-bharti-exclusive/exclusive-amazon-in-talks-to-buy-2-billion-stake-in-indian-telco-bharti-airtel-sources-idUSKBN23B1F8
01102012,/article/singtel-results/update-2-singtels-annual-profit-plunges-to-decades-low-on-bharti-airtel-charges-idUSL4N2DA0M2
01102012,/article/us-singtel-results/singtels-annual-profit-plunges-65-on-bharti-airtel-snag-idUSKBN23402S
01102012,/article/india-stocks-close/indian-shares-end-lower-as-airtel-it-stocks-drag-idUSL4N2D82EK
01102012,/article/us-bharti-airtel-results/indias-bharti-airtel-reports-fourth-quarter-loss-of-52-37-billion-rupees-idUSKBN22U2KU
01102012,/article/bharti-airtel-results/indias-bharti-airtel-reports-q4-loss-of-52-37-bln-rupees-idUSL4N2D03D2
01132012,/article/bharti-airtel-results/bharti-airtel-second-quarter-revenue-jumps-22-on-higher-tariffs-4g-additions-idUSKBN27C1FZ
01102012,/article/airtel-africa-results/update-1-airtel-africa-sales-rise-as-more-customers-sign-up-for-phone-services-idUSL4N2CV1Q6
01102012,/article/airtel-africa-results/airtel-africa-annual-revenue-rises-as-more-customers-sign-up-for-phone-services-idUSL4N2CV1PI
01102012,/article/brief-airtel-africa-recommended-final-di/brief-airtel-africa-recommended-final-dividend-of-3-cents-per-share-idUSFWN2CU1CZ
01102012,/article/us-nokia-india/nokia-wins-network-equipment-order-from-indias-bharti-airtel-idUSKCN22A0HN
01102012,/article/nokia-india/update-1-nokia-wins-network-equipment-order-from-indias-bharti-airtel-idUSL5N2CG0TU
01132012,/article/bharti-airtel-results/bharti-airtel-q2-revenue-rises-22-on-higher-tariffs-data-usage-idUSL4N2HI2DR
01132012,/article/bharti-airtel-ma-telkom-kenya/update-1-telkom-kenya-pulls-the-plug-on-merger-with-bharti-airtel-idUSL8N2F74PK
01132012,/article/us-bharti-airtel-amazon-com/indias-bharti-airtel-partners-with-amazon-to-grow-cloud-business-idUSKCN2511NJ
01132012,/article/kenya-telecoms/telkom-kenya-says-no-longer-pursuing-joint-venture-with-airtel-kenya-statement-idUSL8N2F74M3
01132012,/article/bharti-airtel-results/update-1-bharti-airtel-quarterly-revenue-rises-15-on-higher-data-usage-tariffs-idUSL3N2F03XW
01132012,/article/bharti-airtel-results/bharti-airtel-quarterly-revenue-rises-15-on-higher-data-usage-tariffs-idUSL3N2F03XH
01132012,/article/us-bharti-airtel-india-verizon/indias-bharti-airtel-verizon-tie-up-on-video-conferencing-tool-idUSKCN24F1DH
01132012,/article/us-bharti-airtel-stake-carlyle-group/carlyle-to-buy-25-of-bharti-airtels-data-center-arm-for-235-million-idUSKBN24248T
01132012,/article/us-amazon-india-bharti-exclusive/exclusive-amazon-in-talks-to-buy-2-billion-stake-in-indian-telco-bharti-airtel-sources-idUSKBN23B1F8
01132012,/article/singtel-results/update-2-singtels-annual-profit-plunges-to-decades-low-on-bharti-airtel-charges-idUSL4N2DA0M2
01132012,/article/us-singtel-results/singtels-annual-profit-plunges-65-on-bharti-airtel-snag-idUSKBN23402S
01132012,/article/india-stocks-close/indian-shares-end-lower-as-airtel-it-stocks-drag-idUSL4N2D82EK
01132012,/article/us-bharti-airtel-results/indias-bharti-airtel-reports-fourth-quarter-loss-of-52-37-billion-rupees-idUSKBN22U2KU
01132012,/article/bharti-airtel-results/indias-bharti-airtel-reports-q4-loss-of-52-37-bln-rupees-idUSL4N2D03D2
01132012,/article/airtel-africa-results/update-1-airtel-africa-sales-rise-as-more-customers-sign-up-for-phone-services-idUSL4N2CV1Q6
01132012,/article/airtel-africa-results/airtel-africa-annual-revenue-rises-as-more-customers-sign-up-for-phone-services-idUSL4N2CV1PI
01132012,/article/brief-airtel-africa-recommended-final-di/brief-airtel-africa-recommended-final-dividend-of-3-cents-per-share-idUSFWN2CU1CZ
01132012,/article/us-nokia-india/nokia-wins-network-equipment-order-from-indias-bharti-airtel-idUSKCN22A0HN
01132012,/article/nokia-india/update-1-nokia-wins-network-equipment-order-from-indias-bharti-airtel-idUSL5N2CG0TU
01192012,/article/bharti-airtel-results/bharti-airtel-second-quarter-revenue-jumps-22-on-higher-tariffs-4g-additions-idUSKBN27C1FZ
01192012,/article/bharti-airtel-results/bharti-airtel-q2-revenue-rises-22-on-higher-tariffs-data-usage-idUSL4N2HI2DR
01192012,/article/bharti-airtel-ma-telkom-kenya/update-1-telkom-kenya-pulls-the-plug-on-merger-with-bharti-airtel-idUSL8N2F74PK
01192012,/article/us-bharti-airtel-amazon-com/indias-bharti-airtel-partners-with-amazon-to-grow-cloud-business-idUSKCN2511NJ
01192012,/article/kenya-telecoms/telkom-kenya-says-no-longer-pursuing-joint-venture-with-airtel-kenya-statement-idUSL8N2F74M3
01192012,/article/bharti-airtel-results/update-1-bharti-airtel-quarterly-revenue-rises-15-on-higher-data-usage-tariffs-idUSL3N2F03XW
01192012,/article/bharti-airtel-results/bharti-airtel-quarterly-revenue-rises-15-on-higher-data-usage-tariffs-idUSL3N2F03XH
01192012,/article/us-bharti-airtel-india-verizon/indias-bharti-airtel-verizon-tie-up-on-video-conferencing-tool-idUSKCN24F1DH
01192012,/article/us-bharti-airtel-stake-carlyle-group/carlyle-to-buy-25-of-bharti-airtels-data-center-arm-for-235-million-idUSKBN24248T
01192012,/article/us-amazon-india-bharti-exclusive/exclusive-amazon-in-talks-to-buy-2-billion-stake-in-indian-telco-bharti-airtel-sources-idUSKBN23B1F8
01192012,/article/singtel-results/update-2-singtels-annual-profit-plunges-to-decades-low-on-bharti-airtel-charges-idUSL4N2DA0M2
01192012,/article/us-singtel-results/singtels-annual-profit-plunges-65-on-bharti-airtel-snag-idUSKBN23402S
01192012,/article/india-stocks-close/indian-shares-end-lower-as-airtel-it-stocks-drag-idUSL4N2D82EK
01192012,/article/us-bharti-airtel-results/indias-bharti-airtel-reports-fourth-quarter-loss-of-52-37-billion-rupees-idUSKBN22U2KU
01192012,/article/bharti-airtel-results/indias-bharti-airtel-reports-q4-loss-of-52-37-bln-rupees-idUSL4N2D03D2
01192012,/article/airtel-africa-results/update-1-airtel-africa-sales-rise-as-more-customers-sign-up-for-phone-services-idUSL4N2CV1Q6
01192012,/article/airtel-africa-results/airtel-africa-annual-revenue-rises-as-more-customers-sign-up-for-phone-services-idUSL4N2CV1PI
01192012,/article/brief-airtel-africa-recommended-final-di/brief-airtel-africa-recommended-final-dividend-of-3-cents-per-share-idUSFWN2CU1CZ
01192012,/article/us-nokia-india/nokia-wins-network-equipment-order-from-indias-bharti-airtel-idUSKCN22A0HN
01202012,/article/bharti-airtel-results/bharti-airtel-second-quarter-revenue-jumps-22-on-higher-tariffs-4g-additions-idUSKBN27C1FZ
01192012,/article/nokia-india/update-1-nokia-wins-network-equipment-order-from-indias-bharti-airtel-idUSL5N2CG0TU
01202012,/article/bharti-airtel-results/bharti-airtel-q2-revenue-rises-22-on-higher-tariffs-data-usage-idUSL4N2HI2DR
01202012,/article/bharti-airtel-ma-telkom-kenya/update-1-telkom-kenya-pulls-the-plug-on-merger-with-bharti-airtel-idUSL8N2F74PK
01202012,/article/us-bharti-airtel-amazon-com/indias-bharti-airtel-partners-with-amazon-to-grow-cloud-business-idUSKCN2511NJ
01202012,/article/kenya-telecoms/telkom-kenya-says-no-longer-pursuing-joint-venture-with-airtel-kenya-statement-idUSL8N2F74M3
01202012,/article/bharti-airtel-results/update-1-bharti-airtel-quarterly-revenue-rises-15-on-higher-data-usage-tariffs-idUSL3N2F03XW
01202012,/article/bharti-airtel-results/bharti-airtel-quarterly-revenue-rises-15-on-higher-data-usage-tariffs-idUSL3N2F03XH
01202012,/article/us-bharti-airtel-india-verizon/indias-bharti-airtel-verizon-tie-up-on-video-conferencing-tool-idUSKCN24F1DH
01202012,/article/us-bharti-airtel-stake-carlyle-group/carlyle-to-buy-25-of-bharti-airtels-data-center-arm-for-235-million-idUSKBN24248T
01202012,/article/us-amazon-india-bharti-exclusive/exclusive-amazon-in-talks-to-buy-2-billion-stake-in-indian-telco-bharti-airtel-sources-idUSKBN23B1F8
01202012,/article/singtel-results/update-2-singtels-annual-profit-plunges-to-decades-low-on-bharti-airtel-charges-idUSL4N2DA0M2
01202012,/article/us-singtel-results/singtels-annual-profit-plunges-65-on-bharti-airtel-snag-idUSKBN23402S
01202012,/article/india-stocks-close/indian-shares-end-lower-as-airtel-it-stocks-drag-idUSL4N2D82EK
01202012,/article/us-bharti-airtel-results/indias-bharti-airtel-reports-fourth-quarter-loss-of-52-37-billion-rupees-idUSKBN22U2KU
01202012,/article/bharti-airtel-results/indias-bharti-airtel-reports-q4-loss-of-52-37-bln-rupees-idUSL4N2D03D2
01202012,/article/airtel-africa-results/update-1-airtel-africa-sales-rise-as-more-customers-sign-up-for-phone-services-idUSL4N2CV1Q6
01202012,/article/airtel-africa-results/airtel-africa-annual-revenue-rises-as-more-customers-sign-up-for-phone-services-idUSL4N2CV1PI
01202012,/article/brief-airtel-africa-recommended-final-di/brief-airtel-africa-recommended-final-dividend-of-3-cents-per-share-idUSFWN2CU1CZ
01202012,/article/us-nokia-india/nokia-wins-network-equipment-order-from-indias-bharti-airtel-idUSKCN22A0HN
01202012,/article/nokia-india/update-1-nokia-wins-network-equipment-order-from-indias-bharti-airtel-idUSL5N2CG0TU
01232012,/article/bharti-airtel-results/bharti-airtel-second-quarter-revenue-jumps-22-on-higher-tariffs-4g-additions-idUSKBN27C1FZ
01232012,/article/bharti-airtel-results/bharti-airtel-q2-revenue-rises-22-on-higher-tariffs-data-usage-idUSL4N2HI2DR
01232012,/article/bharti-airtel-ma-telkom-kenya/update-1-telkom-kenya-pulls-the-plug-on-merger-with-bharti-airtel-idUSL8N2F74PK
01232012,/article/us-bharti-airtel-amazon-com/indias-bharti-airtel-partners-with-amazon-to-grow-cloud-business-idUSKCN2511NJ
01232012,/article/kenya-telecoms/telkom-kenya-says-no-longer-pursuing-joint-venture-with-airtel-kenya-statement-idUSL8N2F74M3
01232012,/article/bharti-airtel-results/update-1-bharti-airtel-quarterly-revenue-rises-15-on-higher-data-usage-tariffs-idUSL3N2F03XW
01232012,/article/bharti-airtel-results/bharti-airtel-quarterly-revenue-rises-15-on-higher-data-usage-tariffs-idUSL3N2F03XH
01232012,/article/us-bharti-airtel-india-verizon/indias-bharti-airtel-verizon-tie-up-on-video-conferencing-tool-idUSKCN24F1DH
01232012,/article/us-bharti-airtel-stake-carlyle-group/carlyle-to-buy-25-of-bharti-airtels-data-center-arm-for-235-million-idUSKBN24248T
01232012,/article/us-amazon-india-bharti-exclusive/exclusive-amazon-in-talks-to-buy-2-billion-stake-in-indian-telco-bharti-airtel-sources-idUSKBN23B1F8
01232012,/article/singtel-results/update-2-singtels-annual-profit-plunges-to-decades-low-on-bharti-airtel-charges-idUSL4N2DA0M2
01232012,/article/us-singtel-results/singtels-annual-profit-plunges-65-on-bharti-airtel-snag-idUSKBN23402S
01232012,/article/india-stocks-close/indian-shares-end-lower-as-airtel-it-stocks-drag-idUSL4N2D82EK
01232012,/article/us-bharti-airtel-results/indias-bharti-airtel-reports-fourth-quarter-loss-of-52-37-billion-rupees-idUSKBN22U2KU
01232012,/article/bharti-airtel-results/indias-bharti-airtel-reports-q4-loss-of-52-37-bln-rupees-idUSL4N2D03D2
01232012,/article/airtel-africa-results/update-1-airtel-africa-sales-rise-as-more-customers-sign-up-for-phone-services-idUSL4N2CV1Q6
01232012,/article/airtel-africa-results/airtel-africa-annual-revenue-rises-as-more-customers-sign-up-for-phone-services-idUSL4N2CV1PI
01232012,/article/brief-airtel-africa-recommended-final-di/brief-airtel-africa-recommended-final-dividend-of-3-cents-per-share-idUSFWN2CU1CZ
01232012,/article/us-nokia-india/nokia-wins-network-equipment-order-from-indias-bharti-airtel-idUSKCN22A0HN
01232012,/article/nokia-india/update-1-nokia-wins-network-equipment-order-from-indias-bharti-airtel-idUSL5N2CG0TU
01262012,/article/bharti-airtel-results/bharti-airtel-second-quarter-revenue-jumps-22-on-higher-tariffs-4g-additions-idUSKBN27C1FZ
01262012,/article/bharti-airtel-results/bharti-airtel-q2-revenue-rises-22-on-higher-tariffs-data-usage-idUSL4N2HI2DR
01262012,/article/bharti-airtel-ma-telkom-kenya/update-1-telkom-kenya-pulls-the-plug-on-merger-with-bharti-airtel-idUSL8N2F74PK
01262012,/article/us-bharti-airtel-amazon-com/indias-bharti-airtel-partners-with-amazon-to-grow-cloud-business-idUSKCN2511NJ
01262012,/article/kenya-telecoms/telkom-kenya-says-no-longer-pursuing-joint-venture-with-airtel-kenya-statement-idUSL8N2F74M3
01262012,/article/bharti-airtel-results/update-1-bharti-airtel-quarterly-revenue-rises-15-on-higher-data-usage-tariffs-idUSL3N2F03XW
01262012,/article/bharti-airtel-results/bharti-airtel-quarterly-revenue-rises-15-on-higher-data-usage-tariffs-idUSL3N2F03XH
01262012,/article/us-bharti-airtel-india-verizon/indias-bharti-airtel-verizon-tie-up-on-video-conferencing-tool-idUSKCN24F1DH
01262012,/article/us-bharti-airtel-stake-carlyle-group/carlyle-to-buy-25-of-bharti-airtels-data-center-arm-for-235-million-idUSKBN24248T
01262012,/article/us-amazon-india-bharti-exclusive/exclusive-amazon-in-talks-to-buy-2-billion-stake-in-indian-telco-bharti-airtel-sources-idUSKBN23B1F8
01262012,/article/singtel-results/update-2-singtels-annual-profit-plunges-to-decades-low-on-bharti-airtel-charges-idUSL4N2DA0M2
01262012,/article/us-singtel-results/singtels-annual-profit-plunges-65-on-bharti-airtel-snag-idUSKBN23402S
01262012,/article/india-stocks-close/indian-shares-end-lower-as-airtel-it-stocks-drag-idUSL4N2D82EK
01262012,/article/us-bharti-airtel-results/indias-bharti-airtel-reports-fourth-quarter-loss-of-52-37-billion-rupees-idUSKBN22U2KU
01262012,/article/bharti-airtel-results/indias-bharti-airtel-reports-q4-loss-of-52-37-bln-rupees-idUSL4N2D03D2
01242012,/article/bharti-airtel-results/bharti-airtel-second-quarter-revenue-jumps-22-on-higher-tariffs-4g-additions-idUSKBN27C1FZ
01242012,/article/bharti-airtel-results/bharti-airtel-q2-revenue-rises-22-on-higher-tariffs-data-usage-idUSL4N2HI2DR
01242012,/article/bharti-airtel-ma-telkom-kenya/update-1-telkom-kenya-pulls-the-plug-on-merger-with-bharti-airtel-idUSL8N2F74PK
01242012,/article/us-bharti-airtel-amazon-com/indias-bharti-airtel-partners-with-amazon-to-grow-cloud-business-idUSKCN2511NJ
01242012,/article/kenya-telecoms/telkom-kenya-says-no-longer-pursuing-joint-venture-with-airtel-kenya-statement-idUSL8N2F74M3
01262012,/article/airtel-africa-results/update-1-airtel-africa-sales-rise-as-more-customers-sign-up-for-phone-services-idUSL4N2CV1Q6
01262012,/article/airtel-africa-results/airtel-africa-annual-revenue-rises-as-more-customers-sign-up-for-phone-services-idUSL4N2CV1PI
01262012,/article/brief-airtel-africa-recommended-final-di/brief-airtel-africa-recommended-final-dividend-of-3-cents-per-share-idUSFWN2CU1CZ
01262012,/article/us-nokia-india/nokia-wins-network-equipment-order-from-indias-bharti-airtel-idUSKCN22A0HN
01262012,/article/nokia-india/update-1-nokia-wins-network-equipment-order-from-indias-bharti-airtel-idUSL5N2CG0TU
01242012,/article/bharti-airtel-results/update-1-bharti-airtel-quarterly-revenue-rises-15-on-higher-data-usage-tariffs-idUSL3N2F03XW
01242012,/article/bharti-airtel-results/bharti-airtel-quarterly-revenue-rises-15-on-higher-data-usage-tariffs-idUSL3N2F03XH
01242012,/article/us-bharti-airtel-india-verizon/indias-bharti-airtel-verizon-tie-up-on-video-conferencing-tool-idUSKCN24F1DH
01242012,/article/us-bharti-airtel-stake-carlyle-group/carlyle-to-buy-25-of-bharti-airtels-data-center-arm-for-235-million-idUSKBN24248T
01242012,/article/us-amazon-india-bharti-exclusive/exclusive-amazon-in-talks-to-buy-2-billion-stake-in-indian-telco-bharti-airtel-sources-idUSKBN23B1F8
01242012,/article/singtel-results/update-2-singtels-annual-profit-plunges-to-decades-low-on-bharti-airtel-charges-idUSL4N2DA0M2
01242012,/article/us-singtel-results/singtels-annual-profit-plunges-65-on-bharti-airtel-snag-idUSKBN23402S
01242012,/article/india-stocks-close/indian-shares-end-lower-as-airtel-it-stocks-drag-idUSL4N2D82EK
01242012,/article/us-bharti-airtel-results/indias-bharti-airtel-reports-fourth-quarter-loss-of-52-37-billion-rupees-idUSKBN22U2KU
01242012,/article/bharti-airtel-results/indias-bharti-airtel-reports-q4-loss-of-52-37-bln-rupees-idUSL4N2D03D2
01242012,/article/airtel-africa-results/update-1-airtel-africa-sales-rise-as-more-customers-sign-up-for-phone-services-idUSL4N2CV1Q6
01242012,/article/airtel-africa-results/airtel-africa-annual-revenue-rises-as-more-customers-sign-up-for-phone-services-idUSL4N2CV1PI
01242012,/article/brief-airtel-africa-recommended-final-di/brief-airtel-africa-recommended-final-dividend-of-3-cents-per-share-idUSFWN2CU1CZ
01242012,/article/us-nokia-india/nokia-wins-network-equipment-order-from-indias-bharti-airtel-idUSKCN22A0HN
01242012,/article/nokia-india/update-1-nokia-wins-network-equipment-order-from-indias-bharti-airtel-idUSL5N2CG0TU
01222012,/article/bharti-airtel-results/bharti-airtel-second-quarter-revenue-jumps-22-on-higher-tariffs-4g-additions-idUSKBN27C1FZ
01172012,/article/bharti-airtel-results/bharti-airtel-second-quarter-revenue-jumps-22-on-higher-tariffs-4g-additions-idUSKBN27C1FZ
01172012,/article/bharti-airtel-results/bharti-airtel-q2-revenue-rises-22-on-higher-tariffs-data-usage-idUSL4N2HI2DR
01172012,/article/bharti-airtel-ma-telkom-kenya/update-1-telkom-kenya-pulls-the-plug-on-merger-with-bharti-airtel-idUSL8N2F74PK
01172012,/article/us-bharti-airtel-amazon-com/indias-bharti-airtel-partners-with-amazon-to-grow-cloud-business-idUSKCN2511NJ
01172012,/article/kenya-telecoms/telkom-kenya-says-no-longer-pursuing-joint-venture-with-airtel-kenya-statement-idUSL8N2F74M3
01172012,/article/bharti-airtel-results/update-1-bharti-airtel-quarterly-revenue-rises-15-on-higher-data-usage-tariffs-idUSL3N2F03XW
01172012,/article/bharti-airtel-results/bharti-airtel-quarterly-revenue-rises-15-on-higher-data-usage-tariffs-idUSL3N2F03XH
01172012,/article/us-bharti-airtel-india-verizon/indias-bharti-airtel-verizon-tie-up-on-video-conferencing-tool-idUSKCN24F1DH
01222012,/article/bharti-airtel-results/bharti-airtel-q2-revenue-rises-22-on-higher-tariffs-data-usage-idUSL4N2HI2DR
01222012,/article/bharti-airtel-ma-telkom-kenya/update-1-telkom-kenya-pulls-the-plug-on-merger-with-bharti-airtel-idUSL8N2F74PK
01222012,/article/us-bharti-airtel-amazon-com/indias-bharti-airtel-partners-with-amazon-to-grow-cloud-business-idUSKCN2511NJ
01222012,/article/kenya-telecoms/telkom-kenya-says-no-longer-pursuing-joint-venture-with-airtel-kenya-statement-idUSL8N2F74M3
01222012,/article/bharti-airtel-results/update-1-bharti-airtel-quarterly-revenue-rises-15-on-higher-data-usage-tariffs-idUSL3N2F03XW
01222012,/article/bharti-airtel-results/bharti-airtel-quarterly-revenue-rises-15-on-higher-data-usage-tariffs-idUSL3N2F03XH
01222012,/article/us-bharti-airtel-india-verizon/indias-bharti-airtel-verizon-tie-up-on-video-conferencing-tool-idUSKCN24F1DH
01222012,/article/us-bharti-airtel-stake-carlyle-group/carlyle-to-buy-25-of-bharti-airtels-data-center-arm-for-235-million-idUSKBN24248T
01222012,/article/us-amazon-india-bharti-exclusive/exclusive-amazon-in-talks-to-buy-2-billion-stake-in-indian-telco-bharti-airtel-sources-idUSKBN23B1F8
01222012,/article/singtel-results/update-2-singtels-annual-profit-plunges-to-decades-low-on-bharti-airtel-charges-idUSL4N2DA0M2
01222012,/article/us-singtel-results/singtels-annual-profit-plunges-65-on-bharti-airtel-snag-idUSKBN23402S
01222012,/article/india-stocks-close/indian-shares-end-lower-as-airtel-it-stocks-drag-idUSL4N2D82EK
01222012,/article/us-bharti-airtel-results/indias-bharti-airtel-reports-fourth-quarter-loss-of-52-37-billion-rupees-idUSKBN22U2KU
01222012,/article/bharti-airtel-results/indias-bharti-airtel-reports-q4-loss-of-52-37-bln-rupees-idUSL4N2D03D2
01222012,/article/airtel-africa-results/update-1-airtel-africa-sales-rise-as-more-customers-sign-up-for-phone-services-idUSL4N2CV1Q6
01222012,/article/airtel-africa-results/airtel-africa-annual-revenue-rises-as-more-customers-sign-up-for-phone-services-idUSL4N2CV1PI
01222012,/article/brief-airtel-africa-recommended-final-di/brief-airtel-africa-recommended-final-dividend-of-3-cents-per-share-idUSFWN2CU1CZ
01222012,/article/us-nokia-india/nokia-wins-network-equipment-order-from-indias-bharti-airtel-idUSKCN22A0HN
01222012,/article/nokia-india/update-1-nokia-wins-network-equipment-order-from-indias-bharti-airtel-idUSL5N2CG0TU
01172012,/article/us-bharti-airtel-stake-carlyle-group/carlyle-to-buy-25-of-bharti-airtels-data-center-arm-for-235-million-idUSKBN24248T
01172012,/article/us-amazon-india-bharti-exclusive/exclusive-amazon-in-talks-to-buy-2-billion-stake-in-indian-telco-bharti-airtel-sources-idUSKBN23B1F8
01172012,/article/singtel-results/update-2-singtels-annual-profit-plunges-to-decades-low-on-bharti-airtel-charges-idUSL4N2DA0M2
01172012,/article/us-singtel-results/singtels-annual-profit-plunges-65-on-bharti-airtel-snag-idUSKBN23402S
01172012,/article/india-stocks-close/indian-shares-end-lower-as-airtel-it-stocks-drag-idUSL4N2D82EK
01172012,/article/us-bharti-airtel-results/indias-bharti-airtel-reports-fourth-quarter-loss-of-52-37-billion-rupees-idUSKBN22U2KU
01172012,/article/bharti-airtel-results/indias-bharti-airtel-reports-q4-loss-of-52-37-bln-rupees-idUSL4N2D03D2
01172012,/article/airtel-africa-results/update-1-airtel-africa-sales-rise-as-more-customers-sign-up-for-phone-services-idUSL4N2CV1Q6
01172012,/article/airtel-africa-results/airtel-africa-annual-revenue-rises-as-more-customers-sign-up-for-phone-services-idUSL4N2CV1PI
01172012,/article/brief-airtel-africa-recommended-final-di/brief-airtel-africa-recommended-final-dividend-of-3-cents-per-share-idUSFWN2CU1CZ
01172012,/article/us-nokia-india/nokia-wins-network-equipment-order-from-indias-bharti-airtel-idUSKCN22A0HN
01172012,/article/nokia-india/update-1-nokia-wins-network-equipment-order-from-indias-bharti-airtel-idUSL5N2CG0TU
01272012,/article/bharti-airtel-results/bharti-airtel-second-quarter-revenue-jumps-22-on-higher-tariffs-4g-additions-idUSKBN27C1FZ
01272012,/article/bharti-airtel-results/bharti-airtel-q2-revenue-rises-22-on-higher-tariffs-data-usage-idUSL4N2HI2DR
01272012,/article/bharti-airtel-ma-telkom-kenya/update-1-telkom-kenya-pulls-the-plug-on-merger-with-bharti-airtel-idUSL8N2F74PK
01272012,/article/us-bharti-airtel-amazon-com/indias-bharti-airtel-partners-with-amazon-to-grow-cloud-business-idUSKCN2511NJ
01272012,/article/kenya-telecoms/telkom-kenya-says-no-longer-pursuing-joint-venture-with-airtel-kenya-statement-idUSL8N2F74M3
01272012,/article/bharti-airtel-results/update-1-bharti-airtel-quarterly-revenue-rises-15-on-higher-data-usage-tariffs-idUSL3N2F03XW
01272012,/article/bharti-airtel-results/bharti-airtel-quarterly-revenue-rises-15-on-higher-data-usage-tariffs-idUSL3N2F03XH
01272012,/article/us-bharti-airtel-india-verizon/indias-bharti-airtel-verizon-tie-up-on-video-conferencing-tool-idUSKCN24F1DH
01272012,/article/us-bharti-airtel-stake-carlyle-group/carlyle-to-buy-25-of-bharti-airtels-data-center-arm-for-235-million-idUSKBN24248T
01272012,/article/us-amazon-india-bharti-exclusive/exclusive-amazon-in-talks-to-buy-2-billion-stake-in-indian-telco-bharti-airtel-sources-idUSKBN23B1F8
01272012,/article/singtel-results/update-2-singtels-annual-profit-plunges-to-decades-low-on-bharti-airtel-charges-idUSL4N2DA0M2
01272012,/article/us-singtel-results/singtels-annual-profit-plunges-65-on-bharti-airtel-snag-idUSKBN23402S
01272012,/article/india-stocks-close/indian-shares-end-lower-as-airtel-it-stocks-drag-idUSL4N2D82EK
01272012,/article/us-bharti-airtel-results/indias-bharti-airtel-reports-fourth-quarter-loss-of-52-37-billion-rupees-idUSKBN22U2KU
01272012,/article/bharti-airtel-results/indias-bharti-airtel-reports-q4-loss-of-52-37-bln-rupees-idUSL4N2D03D2
01272012,/article/airtel-africa-results/update-1-airtel-africa-sales-rise-as-more-customers-sign-up-for-phone-services-idUSL4N2CV1Q6
01272012,/article/airtel-africa-results/airtel-africa-annual-revenue-rises-as-more-customers-sign-up-for-phone-services-idUSL4N2CV1PI
01272012,/article/brief-airtel-africa-recommended-final-di/brief-airtel-africa-recommended-final-dividend-of-3-cents-per-share-idUSFWN2CU1CZ
01272012,/article/us-nokia-india/nokia-wins-network-equipment-order-from-indias-bharti-airtel-idUSKCN22A0HN
01272012,/article/nokia-india/update-1-nokia-wins-network-equipment-order-from-indias-bharti-airtel-idUSL5N2CG0TU
01212012,/article/bharti-airtel-results/bharti-airtel-second-quarter-revenue-jumps-22-on-higher-tariffs-4g-additions-idUSKBN27C1FZ
01212012,/article/bharti-airtel-results/bharti-airtel-q2-revenue-rises-22-on-higher-tariffs-data-usage-idUSL4N2HI2DR
01212012,/article/bharti-airtel-ma-telkom-kenya/update-1-telkom-kenya-pulls-the-plug-on-merger-with-bharti-airtel-idUSL8N2F74PK
01212012,/article/us-bharti-airtel-amazon-com/indias-bharti-airtel-partners-with-amazon-to-grow-cloud-business-idUSKCN2511NJ
01212012,/article/kenya-telecoms/telkom-kenya-says-no-longer-pursuing-joint-venture-with-airtel-kenya-statement-idUSL8N2F74M3
01212012,/article/bharti-airtel-results/update-1-bharti-airtel-quarterly-revenue-rises-15-on-higher-data-usage-tariffs-idUSL3N2F03XW
01212012,/article/bharti-airtel-results/bharti-airtel-quarterly-revenue-rises-15-on-higher-data-usage-tariffs-idUSL3N2F03XH
01212012,/article/us-bharti-airtel-india-verizon/indias-bharti-airtel-verizon-tie-up-on-video-conferencing-tool-idUSKCN24F1DH
01212012,/article/us-bharti-airtel-stake-carlyle-group/carlyle-to-buy-25-of-bharti-airtels-data-center-arm-for-235-million-idUSKBN24248T
01212012,/article/us-amazon-india-bharti-exclusive/exclusive-amazon-in-talks-to-buy-2-billion-stake-in-indian-telco-bharti-airtel-sources-idUSKBN23B1F8
01212012,/article/singtel-results/update-2-singtels-annual-profit-plunges-to-decades-low-on-bharti-airtel-charges-idUSL4N2DA0M2
01212012,/article/us-singtel-results/singtels-annual-profit-plunges-65-on-bharti-airtel-snag-idUSKBN23402S
01212012,/article/india-stocks-close/indian-shares-end-lower-as-airtel-it-stocks-drag-idUSL4N2D82EK
01212012,/article/us-bharti-airtel-results/indias-bharti-airtel-reports-fourth-quarter-loss-of-52-37-billion-rupees-idUSKBN22U2KU
01212012,/article/bharti-airtel-results/indias-bharti-airtel-reports-q4-loss-of-52-37-bln-rupees-idUSL4N2D03D2
01212012,/article/airtel-africa-results/update-1-airtel-africa-sales-rise-as-more-customers-sign-up-for-phone-services-idUSL4N2CV1Q6
01212012,/article/airtel-africa-results/airtel-africa-annual-revenue-rises-as-more-customers-sign-up-for-phone-services-idUSL4N2CV1PI
01212012,/article/brief-airtel-africa-recommended-final-di/brief-airtel-africa-recommended-final-dividend-of-3-cents-per-share-idUSFWN2CU1CZ
01212012,/article/us-nokia-india/nokia-wins-network-equipment-order-from-indias-bharti-airtel-idUSKCN22A0HN
01212012,/article/nokia-india/update-1-nokia-wins-network-equipment-order-from-indias-bharti-airtel-idUSL5N2CG0TU
01252012,/article/bharti-airtel-results/bharti-airtel-second-quarter-revenue-jumps-22-on-higher-tariffs-4g-additions-idUSKBN27C1FZ
01252012,/article/bharti-airtel-results/bharti-airtel-q2-revenue-rises-22-on-higher-tariffs-data-usage-idUSL4N2HI2DR
01252012,/article/bharti-airtel-ma-telkom-kenya/update-1-telkom-kenya-pulls-the-plug-on-merger-with-bharti-airtel-idUSL8N2F74PK
01252012,/article/us-bharti-airtel-amazon-com/indias-bharti-airtel-partners-with-amazon-to-grow-cloud-business-idUSKCN2511NJ
01252012,/article/kenya-telecoms/telkom-kenya-says-no-longer-pursuing-joint-venture-with-airtel-kenya-statement-idUSL8N2F74M3
01252012,/article/bharti-airtel-results/update-1-bharti-airtel-quarterly-revenue-rises-15-on-higher-data-usage-tariffs-idUSL3N2F03XW
01252012,/article/bharti-airtel-results/bharti-airtel-quarterly-revenue-rises-15-on-higher-data-usage-tariffs-idUSL3N2F03XH
01252012,/article/us-bharti-airtel-india-verizon/indias-bharti-airtel-verizon-tie-up-on-video-conferencing-tool-idUSKCN24F1DH
01252012,/article/us-bharti-airtel-stake-carlyle-group/carlyle-to-buy-25-of-bharti-airtels-data-center-arm-for-235-million-idUSKBN24248T
01252012,/article/us-amazon-india-bharti-exclusive/exclusive-amazon-in-talks-to-buy-2-billion-stake-in-indian-telco-bharti-airtel-sources-idUSKBN23B1F8
01252012,/article/singtel-results/update-2-singtels-annual-profit-plunges-to-decades-low-on-bharti-airtel-charges-idUSL4N2DA0M2
01252012,/article/us-singtel-results/singtels-annual-profit-plunges-65-on-bharti-airtel-snag-idUSKBN23402S
01252012,/article/india-stocks-close/indian-shares-end-lower-as-airtel-it-stocks-drag-idUSL4N2D82EK
01252012,/article/us-bharti-airtel-results/indias-bharti-airtel-reports-fourth-quarter-loss-of-52-37-billion-rupees-idUSKBN22U2KU
01252012,/article/bharti-airtel-results/indias-bharti-airtel-reports-q4-loss-of-52-37-bln-rupees-idUSL4N2D03D2
01252012,/article/airtel-africa-results/update-1-airtel-africa-sales-rise-as-more-customers-sign-up-for-phone-services-idUSL4N2CV1Q6
01252012,/article/airtel-africa-results/airtel-africa-annual-revenue-rises-as-more-customers-sign-up-for-phone-services-idUSL4N2CV1PI
01252012,/article/brief-airtel-africa-recommended-final-di/brief-airtel-africa-recommended-final-dividend-of-3-cents-per-share-idUSFWN2CU1CZ
01252012,/article/us-nokia-india/nokia-wins-network-equipment-order-from-indias-bharti-airtel-idUSKCN22A0HN
01252012,/article/nokia-india/update-1-nokia-wins-network-equipment-order-from-indias-bharti-airtel-idUSL5N2CG0TU
01182012,/article/bharti-airtel-results/bharti-airtel-second-quarter-revenue-jumps-22-on-higher-tariffs-4g-additions-idUSKBN27C1FZ
01182012,/article/bharti-airtel-results/bharti-airtel-q2-revenue-rises-22-on-higher-tariffs-data-usage-idUSL4N2HI2DR
01182012,/article/bharti-airtel-ma-telkom-kenya/update-1-telkom-kenya-pulls-the-plug-on-merger-with-bharti-airtel-idUSL8N2F74PK
01182012,/article/us-bharti-airtel-amazon-com/indias-bharti-airtel-partners-with-amazon-to-grow-cloud-business-idUSKCN2511NJ
01182012,/article/kenya-telecoms/telkom-kenya-says-no-longer-pursuing-joint-venture-with-airtel-kenya-statement-idUSL8N2F74M3
01182012,/article/bharti-airtel-results/update-1-bharti-airtel-quarterly-revenue-rises-15-on-higher-data-usage-tariffs-idUSL3N2F03XW
01182012,/article/bharti-airtel-results/bharti-airtel-quarterly-revenue-rises-15-on-higher-data-usage-tariffs-idUSL3N2F03XH
01182012,/article/us-bharti-airtel-india-verizon/indias-bharti-airtel-verizon-tie-up-on-video-conferencing-tool-idUSKCN24F1DH
01182012,/article/us-bharti-airtel-stake-carlyle-group/carlyle-to-buy-25-of-bharti-airtels-data-center-arm-for-235-million-idUSKBN24248T
01182012,/article/us-amazon-india-bharti-exclusive/exclusive-amazon-in-talks-to-buy-2-billion-stake-in-indian-telco-bharti-airtel-sources-idUSKBN23B1F8
01182012,/article/singtel-results/update-2-singtels-annual-profit-plunges-to-decades-low-on-bharti-airtel-charges-idUSL4N2DA0M2
01182012,/article/us-singtel-results/singtels-annual-profit-plunges-65-on-bharti-airtel-snag-idUSKBN23402S
01182012,/article/india-stocks-close/indian-shares-end-lower-as-airtel-it-stocks-drag-idUSL4N2D82EK
01182012,/article/us-bharti-airtel-results/indias-bharti-airtel-reports-fourth-quarter-loss-of-52-37-billion-rupees-idUSKBN22U2KU
01182012,/article/bharti-airtel-results/indias-bharti-airtel-reports-q4-loss-of-52-37-bln-rupees-idUSL4N2D03D2
01182012,/article/airtel-africa-results/update-1-airtel-africa-sales-rise-as-more-customers-sign-up-for-phone-services-idUSL4N2CV1Q6
01182012,/article/airtel-africa-results/airtel-africa-annual-revenue-rises-as-more-customers-sign-up-for-phone-services-idUSL4N2CV1PI
01182012,/article/brief-airtel-africa-recommended-final-di/brief-airtel-africa-recommended-final-dividend-of-3-cents-per-share-idUSFWN2CU1CZ
01182012,/article/us-nokia-india/nokia-wins-network-equipment-order-from-indias-bharti-airtel-idUSKCN22A0HN
01182012,/article/nokia-india/update-1-nokia-wins-network-equipment-order-from-indias-bharti-airtel-idUSL5N2CG0TU
01302012,/article/bharti-airtel-results/bharti-airtel-second-quarter-revenue-jumps-22-on-higher-tariffs-4g-additions-idUSKBN27C1FZ
01302012,/article/bharti-airtel-results/bharti-airtel-q2-revenue-rises-22-on-higher-tariffs-data-usage-idUSL4N2HI2DR
01302012,/article/bharti-airtel-ma-telkom-kenya/update-1-telkom-kenya-pulls-the-plug-on-merger-with-bharti-airtel-idUSL8N2F74PK
01302012,/article/us-bharti-airtel-amazon-com/indias-bharti-airtel-partners-with-amazon-to-grow-cloud-business-idUSKCN2511NJ
01302012,/article/kenya-telecoms/telkom-kenya-says-no-longer-pursuing-joint-venture-with-airtel-kenya-statement-idUSL8N2F74M3
01302012,/article/bharti-airtel-results/update-1-bharti-airtel-quarterly-revenue-rises-15-on-higher-data-usage-tariffs-idUSL3N2F03XW
01282012,/article/bharti-airtel-results/bharti-airtel-second-quarter-revenue-jumps-22-on-higher-tariffs-4g-additions-idUSKBN27C1FZ
01292012,/article/bharti-airtel-results/bharti-airtel-second-quarter-revenue-jumps-22-on-higher-tariffs-4g-additions-idUSKBN27C1FZ
01302012,/article/bharti-airtel-results/bharti-airtel-quarterly-revenue-rises-15-on-higher-data-usage-tariffs-idUSL3N2F03XH
01302012,/article/us-bharti-airtel-india-verizon/indias-bharti-airtel-verizon-tie-up-on-video-conferencing-tool-idUSKCN24F1DH
01302012,/article/us-bharti-airtel-stake-carlyle-group/carlyle-to-buy-25-of-bharti-airtels-data-center-arm-for-235-million-idUSKBN24248T
01302012,/article/us-amazon-india-bharti-exclusive/exclusive-amazon-in-talks-to-buy-2-billion-stake-in-indian-telco-bharti-airtel-sources-idUSKBN23B1F8
01302012,/article/singtel-results/update-2-singtels-annual-profit-plunges-to-decades-low-on-bharti-airtel-charges-idUSL4N2DA0M2
01302012,/article/us-singtel-results/singtels-annual-profit-plunges-65-on-bharti-airtel-snag-idUSKBN23402S
01302012,/article/india-stocks-close/indian-shares-end-lower-as-airtel-it-stocks-drag-idUSL4N2D82EK
01302012,/article/us-bharti-airtel-results/indias-bharti-airtel-reports-fourth-quarter-loss-of-52-37-billion-rupees-idUSKBN22U2KU
01302012,/article/bharti-airtel-results/indias-bharti-airtel-reports-q4-loss-of-52-37-bln-rupees-idUSL4N2D03D2
01302012,/article/airtel-africa-results/update-1-airtel-africa-sales-rise-as-more-customers-sign-up-for-phone-services-idUSL4N2CV1Q6
01302012,/article/airtel-africa-results/airtel-africa-annual-revenue-rises-as-more-customers-sign-up-for-phone-services-idUSL4N2CV1PI
01302012,/article/brief-airtel-africa-recommended-final-di/brief-airtel-africa-recommended-final-dividend-of-3-cents-per-share-idUSFWN2CU1CZ
01302012,/article/us-nokia-india/nokia-wins-network-equipment-order-from-indias-bharti-airtel-idUSKCN22A0HN
01302012,/article/nokia-india/update-1-nokia-wins-network-equipment-order-from-indias-bharti-airtel-idUSL5N2CG0TU
01282012,/article/bharti-airtel-results/bharti-airtel-q2-revenue-rises-22-on-higher-tariffs-data-usage-idUSL4N2HI2DR
01282012,/article/bharti-airtel-ma-telkom-kenya/update-1-telkom-kenya-pulls-the-plug-on-merger-with-bharti-airtel-idUSL8N2F74PK
01282012,/article/us-bharti-airtel-amazon-com/indias-bharti-airtel-partners-with-amazon-to-grow-cloud-business-idUSKCN2511NJ
01282012,/article/kenya-telecoms/telkom-kenya-says-no-longer-pursuing-joint-venture-with-airtel-kenya-statement-idUSL8N2F74M3
01282012,/article/bharti-airtel-results/update-1-bharti-airtel-quarterly-revenue-rises-15-on-higher-data-usage-tariffs-idUSL3N2F03XW
01282012,/article/bharti-airtel-results/bharti-airtel-quarterly-revenue-rises-15-on-higher-data-usage-tariffs-idUSL3N2F03XH
01282012,/article/us-bharti-airtel-india-verizon/indias-bharti-airtel-verizon-tie-up-on-video-conferencing-tool-idUSKCN24F1DH
01282012,/article/us-bharti-airtel-stake-carlyle-group/carlyle-to-buy-25-of-bharti-airtels-data-center-arm-for-235-million-idUSKBN24248T
01282012,/article/us-amazon-india-bharti-exclusive/exclusive-amazon-in-talks-to-buy-2-billion-stake-in-indian-telco-bharti-airtel-sources-idUSKBN23B1F8
01282012,/article/singtel-results/update-2-singtels-annual-profit-plunges-to-decades-low-on-bharti-airtel-charges-idUSL4N2DA0M2
01282012,/article/us-singtel-results/singtels-annual-profit-plunges-65-on-bharti-airtel-snag-idUSKBN23402S
01282012,/article/india-stocks-close/indian-shares-end-lower-as-airtel-it-stocks-drag-idUSL4N2D82EK
01282012,/article/us-bharti-airtel-results/indias-bharti-airtel-reports-fourth-quarter-loss-of-52-37-billion-rupees-idUSKBN22U2KU
01282012,/article/bharti-airtel-results/indias-bharti-airtel-reports-q4-loss-of-52-37-bln-rupees-idUSL4N2D03D2
01282012,/article/airtel-africa-results/update-1-airtel-africa-sales-rise-as-more-customers-sign-up-for-phone-services-idUSL4N2CV1Q6
01282012,/article/airtel-africa-results/airtel-africa-annual-revenue-rises-as-more-customers-sign-up-for-phone-services-idUSL4N2CV1PI
01282012,/article/brief-airtel-africa-recommended-final-di/brief-airtel-africa-recommended-final-dividend-of-3-cents-per-share-idUSFWN2CU1CZ
01282012,/article/us-nokia-india/nokia-wins-network-equipment-order-from-indias-bharti-airtel-idUSKCN22A0HN
01282012,/article/nokia-india/update-1-nokia-wins-network-equipment-order-from-indias-bharti-airtel-idUSL5N2CG0TU
01292012,/article/bharti-airtel-results/bharti-airtel-q2-revenue-rises-22-on-higher-tariffs-data-usage-idUSL4N2HI2DR
01292012,/article/bharti-airtel-ma-telkom-kenya/update-1-telkom-kenya-pulls-the-plug-on-merger-with-bharti-airtel-idUSL8N2F74PK
01292012,/article/us-bharti-airtel-amazon-com/indias-bharti-airtel-partners-with-amazon-to-grow-cloud-business-idUSKCN2511NJ
01292012,/article/kenya-telecoms/telkom-kenya-says-no-longer-pursuing-joint-venture-with-airtel-kenya-statement-idUSL8N2F74M3
01292012,/article/bharti-airtel-results/update-1-bharti-airtel-quarterly-revenue-rises-15-on-higher-data-usage-tariffs-idUSL3N2F03XW
01292012,/article/bharti-airtel-results/bharti-airtel-quarterly-revenue-rises-15-on-higher-data-usage-tariffs-idUSL3N2F03XH
01292012,/article/us-bharti-airtel-india-verizon/indias-bharti-airtel-verizon-tie-up-on-video-conferencing-tool-idUSKCN24F1DH
01292012,/article/us-bharti-airtel-stake-carlyle-group/carlyle-to-buy-25-of-bharti-airtels-data-center-arm-for-235-million-idUSKBN24248T
01292012,/article/us-amazon-india-bharti-exclusive/exclusive-amazon-in-talks-to-buy-2-billion-stake-in-indian-telco-bharti-airtel-sources-idUSKBN23B1F8
01292012,/article/singtel-results/update-2-singtels-annual-profit-plunges-to-decades-low-on-bharti-airtel-charges-idUSL4N2DA0M2
01292012,/article/us-singtel-results/singtels-annual-profit-plunges-65-on-bharti-airtel-snag-idUSKBN23402S
01292012,/article/india-stocks-close/indian-shares-end-lower-as-airtel-it-stocks-drag-idUSL4N2D82EK
01292012,/article/us-bharti-airtel-results/indias-bharti-airtel-reports-fourth-quarter-loss-of-52-37-billion-rupees-idUSKBN22U2KU
01292012,/article/bharti-airtel-results/indias-bharti-airtel-reports-q4-loss-of-52-37-bln-rupees-idUSL4N2D03D2
01292012,/article/airtel-africa-results/update-1-airtel-africa-sales-rise-as-more-customers-sign-up-for-phone-services-idUSL4N2CV1Q6
01292012,/article/airtel-africa-results/airtel-africa-annual-revenue-rises-as-more-customers-sign-up-for-phone-services-idUSL4N2CV1PI
01292012,/article/brief-airtel-africa-recommended-final-di/brief-airtel-africa-recommended-final-dividend-of-3-cents-per-share-idUSFWN2CU1CZ
01292012,/article/us-nokia-india/nokia-wins-network-equipment-order-from-indias-bharti-airtel-idUSKCN22A0HN
01292012,/article/nokia-india/update-1-nokia-wins-network-equipment-order-from-indias-bharti-airtel-idUSL5N2CG0TU
01312012,/article/bharti-airtel-results/bharti-airtel-second-quarter-revenue-jumps-22-on-higher-tariffs-4g-additions-idUSKBN27C1FZ
01312012,/article/bharti-airtel-results/bharti-airtel-q2-revenue-rises-22-on-higher-tariffs-data-usage-idUSL4N2HI2DR
01312012,/article/bharti-airtel-ma-telkom-kenya/update-1-telkom-kenya-pulls-the-plug-on-merger-with-bharti-airtel-idUSL8N2F74PK
01312012,/article/us-bharti-airtel-amazon-com/indias-bharti-airtel-partners-with-amazon-to-grow-cloud-business-idUSKCN2511NJ
01312012,/article/kenya-telecoms/telkom-kenya-says-no-longer-pursuing-joint-venture-with-airtel-kenya-statement-idUSL8N2F74M3
01312012,/article/bharti-airtel-results/update-1-bharti-airtel-quarterly-revenue-rises-15-on-higher-data-usage-tariffs-idUSL3N2F03XW
01312012,/article/bharti-airtel-results/bharti-airtel-quarterly-revenue-rises-15-on-higher-data-usage-tariffs-idUSL3N2F03XH
01312012,/article/us-bharti-airtel-india-verizon/indias-bharti-airtel-verizon-tie-up-on-video-conferencing-tool-idUSKCN24F1DH
01312012,/article/us-bharti-airtel-stake-carlyle-group/carlyle-to-buy-25-of-bharti-airtels-data-center-arm-for-235-million-idUSKBN24248T
01312012,/article/us-amazon-india-bharti-exclusive/exclusive-amazon-in-talks-to-buy-2-billion-stake-in-indian-telco-bharti-airtel-sources-idUSKBN23B1F8
01312012,/article/singtel-results/update-2-singtels-annual-profit-plunges-to-decades-low-on-bharti-airtel-charges-idUSL4N2DA0M2
01312012,/article/us-singtel-results/singtels-annual-profit-plunges-65-on-bharti-airtel-snag-idUSKBN23402S
01312012,/article/india-stocks-close/indian-shares-end-lower-as-airtel-it-stocks-drag-idUSL4N2D82EK
01312012,/article/us-bharti-airtel-results/indias-bharti-airtel-reports-fourth-quarter-loss-of-52-37-billion-rupees-idUSKBN22U2KU
01312012,/article/bharti-airtel-results/indias-bharti-airtel-reports-q4-loss-of-52-37-bln-rupees-idUSL4N2D03D2
01312012,/article/airtel-africa-results/update-1-airtel-africa-sales-rise-as-more-customers-sign-up-for-phone-services-idUSL4N2CV1Q6
01312012,/article/airtel-africa-results/airtel-africa-annual-revenue-rises-as-more-customers-sign-up-for-phone-services-idUSL4N2CV1PI
01312012,/article/brief-airtel-africa-recommended-final-di/brief-airtel-africa-recommended-final-dividend-of-3-cents-per-share-idUSFWN2CU1CZ
01312012,/article/us-nokia-india/nokia-wins-network-equipment-order-from-indias-bharti-airtel-idUSKCN22A0HN
01312012,/article/nokia-india/update-1-nokia-wins-network-equipment-order-from-indias-bharti-airtel-idUSL5N2CG0TU
